{"_id":"55ee5e4494b04104729e4778","index":1100,"guid":"c470dbcb-e8d1-4919-8ad9-063cbf6d06c0","isActive":false,"balance":"$12,266.68","picture":"http://placehold.it/32x32","age":65,"eyeColor":"blue","name":"Karin Murphy","gender":"female","company":"AEORA","email":"karinmurphy@aeora.com","phone":"+1 (872) 564-2904","address":"334 Newton Street, Onton, Virgin Islands, 4124","about":"Aliquip consectetur dolore anim incididunt officia. Elit tempor mollit anim excepteur eu aliquip consectetur aliqua Lorem reprehenderit Lorem officia. Minim magna reprehenderit laboris aliquip duis dolor deserunt et elit est tempor fugiat. Nostrud exercitation est anim mollit voluptate adipisicing nisi amet cupidatat deserunt deserunt anim amet. Qui dolor culpa voluptate duis veniam consequat non do do duis et. Eiusmod anim adipisicing est deserunt amet aliquip laboris labore nisi adipisicing cillum.\r\n","registered":"2015-01-16T03:39:05 -07:00","tags":["aliquip","Lorem","nulla","anim","ex","quis","sunt"],"friends":[{"id":0,"name":"Beach Zamora"},{"id":1,"name":"Rachel Kerr"},{"id":2,"name":"Britt Holcomb"}],"greeting":"Hello, Karin Murphy! You have 2 unread messages.","favoriteFruit":"orange","location":{"latitude":-8.279825,"longitude":70.302582},"docFormat":"json"}