{"_id":"55ee5e4453e87781bba08d19","index":1227,"guid":"721454a5-fc08-4b90-8dda-5f76b8029569","isActive":true,"balance":"$51,458.88","picture":"http://placehold.it/32x32","age":55,"eyeColor":"green","name":"Daugherty Roman","gender":"male","company":"MALATHION","email":"daughertyroman@malathion.com","phone":"+1 (989) 427-2173","address":"907 Moffat Street, Darlington, Florida, 8229","about":"Culpa cillum ut proident veniam velit aliquip magna consectetur in. Dolor cillum excepteur adipisicing adipisicing enim elit minim nulla est et sint aliqua. Minim cupidatat id ad id labore. Commodo reprehenderit sint veniam in labore id esse veniam Lorem tempor cillum aliqua amet.\r\n","registered":"2014-02-27T05:11:26 -07:00","tags":["nulla","velit","officia","dolore","nostrud","deserunt","qui"],"friends":[{"id":0,"name":"Hunter Solomon"},{"id":1,"name":"Nora Klein"},{"id":2,"name":"Moss Chambers"}],"greeting":"Hello, Daugherty Roman! You have 10 unread messages.","favoriteFruit":"orange","location":{"latitude":19.393027,"longitude":-55.973581},"docFormat":"json"}