{"_id":"55ee5e44e46cb8b51dc78942","index":1022,"guid":"b31318c5-11c5-4ef8-8bcb-c94762eb7cc8","isActive":false,"balance":"$9,621.54","picture":"http://placehold.it/32x32","age":30,"eyeColor":"brown","name":"Terra Noble","gender":"female","company":"GENMOM","email":"terranoble@genmom.com","phone":"+1 (845) 537-2166","address":"679 Vandalia Avenue, Lisco, Nebraska, 5242","about":"Non nulla adipisicing commodo aute amet deserunt officia elit excepteur est aliqua ad aliqua. Ad aliqua enim cupidatat aliquip elit est cillum et cupidatat non sunt sunt. Ex enim laboris cillum qui fugiat laboris irure quis reprehenderit mollit commodo. Est anim adipisicing mollit consequat quis.\r\n","registered":"2015-08-24T06:55:21 -07:00","tags":["ipsum","enim","occaecat","amet","consequat","est","ea"],"friends":[{"id":0,"name":"Gail Franklin"},{"id":1,"name":"Mendez Blevins"},{"id":2,"name":"Pierce Langley"}],"greeting":"Hello, Terra Noble! You have 8 unread messages.","favoriteFruit":"pear","location":{"latitude":-50.054547,"longitude":-79.17646},"docFormat":"json"}