{"_id":"55ee5e44b4cc39b60af3e7b3","index":1437,"guid":"80015a09-cd49-40ba-bf62-196288e60a5b","isActive":false,"balance":"$92,460.93","picture":"http://placehold.it/32x32","age":21,"eyeColor":"green","name":"Sweeney Newman","gender":"male","company":"UNIWORLD","email":"sweeneynewman@uniworld.com","phone":"+1 (869) 539-2443","address":"325 Meserole Avenue, Santel, North Carolina, 7169","about":"Enim commodo sit officia duis consequat adipisicing cillum aliquip consequat esse. Consequat consequat et aute excepteur ex voluptate. Esse cupidatat cupidatat tempor qui excepteur veniam cupidatat. Proident irure magna non elit magna pariatur.\r\n","registered":"2014-07-30T12:22:56 -07:00","tags":["ut","enim","ex","minim","ad","laboris","minim"],"friends":[{"id":0,"name":"Lorene Mendoza"},{"id":1,"name":"Lisa Snow"},{"id":2,"name":"Lowe Sawyer"}],"greeting":"Hello, Sweeney Newman! You have 3 unread messages.","favoriteFruit":"orange","location":{"latitude":-51.701254,"longitude":-67.983729},"docFormat":"json"}