{"_id":"55ee5e44966516cc1f3a4e2d","index":1313,"guid":"1aedcbad-8bf5-4dc1-b3c1-77f199c29404","isActive":false,"balance":"$41,346.29","picture":"http://placehold.it/32x32","age":63,"eyeColor":"green","name":"Briggs Goodwin","gender":"male","company":"MAGNINA","email":"briggsgoodwin@magnina.com","phone":"+1 (934) 471-2651","address":"907 Crawford Avenue, Summerset, New York, 3172","about":"Enim aliqua quis sit pariatur ex excepteur ullamco pariatur dolor deserunt. Proident mollit labore labore est aute eu id. Elit dolore commodo excepteur exercitation occaecat nisi velit laborum cillum officia ea deserunt. Ullamco qui sit incididunt dolor anim et exercitation est Lorem ex sit sit eiusmod esse. Id sint consectetur qui veniam pariatur. Tempor duis elit adipisicing eu culpa ex dolore officia sint enim pariatur mollit.\r\n","registered":"2014-09-03T12:15:46 -07:00","tags":["excepteur","excepteur","et","ipsum","aute","laborum","id"],"friends":[{"id":0,"name":"Hayden Greene"},{"id":1,"name":"Mindy Wong"},{"id":2,"name":"Carroll Mcknight"}],"greeting":"Hello, Briggs Goodwin! You have 7 unread messages.","favoriteFruit":"apple","location":{"latitude":-42.180744,"longitude":136.345457},"docFormat":"json"}