{"_id":"55ee5e445833d1f651990228","index":1372,"guid":"6891af86-ab2b-43c3-aaeb-1f393f25b076","isActive":true,"balance":"$63,372.37","picture":"http://placehold.it/32x32","age":44,"eyeColor":"brown","name":"Lacy Joseph","gender":"female","company":"CORPULSE","email":"lacyjoseph@corpulse.com","phone":"+1 (917) 489-3646","address":"394 Schenck Avenue, Winfred, Wisconsin, 6942","about":"Excepteur duis laborum anim ut officia anim veniam ea sunt veniam. Adipisicing nostrud enim nulla cillum cillum ea proident. Eu ex nisi dolor do. Et cillum exercitation non ut irure sint ad mollit. Nostrud reprehenderit commodo nostrud cillum consequat deserunt. Quis cupidatat irure velit id aliqua ullamco elit. Nulla deserunt ut elit esse irure nisi consequat pariatur magna exercitation occaecat est.\r\n","registered":"2015-06-24T11:24:13 -07:00","tags":["deserunt","ipsum","velit","minim","occaecat","laborum","occaecat"],"friends":[{"id":0,"name":"Hall Ingram"},{"id":1,"name":"Beulah Atkinson"},{"id":2,"name":"Stacie Coleman"}],"greeting":"Hello, Lacy Joseph! You have 2 unread messages.","favoriteFruit":"apple","location":{"latitude":40.23315,"longitude":-129.583729},"docFormat":"json"}