{"_id":"55ee5e443f5839d14c8dfa6a","index":1369,"guid":"13b23a13-e842-4d7a-9749-13b117db9275","isActive":true,"balance":"$4,160.65","picture":"http://placehold.it/32x32","age":57,"eyeColor":"brown","name":"Le Bruce","gender":"male","company":"AFFLUEX","email":"lebruce@affluex.com","phone":"+1 (838) 600-2346","address":"137 Lenox Road, Kempton, Rhode Island, 8622","about":"Elit culpa ex et exercitation nisi cillum elit sit non. Irure eu deserunt nisi dolor eu ipsum exercitation minim tempor. Eiusmod ex cupidatat minim ipsum eu.\r\n","registered":"2014-07-29T06:10:22 -07:00","tags":["sunt","sit","do","mollit","do","eu","fugiat"],"friends":[{"id":0,"name":"Salazar Finley"},{"id":1,"name":"Brock Morris"},{"id":2,"name":"Mclean Munoz"}],"greeting":"Hello, Le Bruce! You have 5 unread messages.","favoriteFruit":"apple","location":{"latitude":59.201032,"longitude":159.589933},"docFormat":"json"}