{"_id":"55ee5e4467c591294b410ebd","index":1098,"guid":"d196c3d5-abef-4703-8d73-d4b74da45150","isActive":false,"balance":"$47,856.94","picture":"http://placehold.it/32x32","age":51,"eyeColor":"green","name":"Houston Tanner","gender":"male","company":"TERSANKI","email":"houstontanner@tersanki.com","phone":"+1 (808) 443-3386","address":"257 Willoughby Avenue, Rivera, Maryland, 1334","about":"Ut magna minim ipsum amet laborum. Enim nostrud do nulla ea proident exercitation fugiat. In minim eu sunt est velit aute laboris incididunt est commodo et nulla anim aliquip. Proident velit ipsum elit amet laborum pariatur consequat ut culpa adipisicing veniam fugiat ut. Pariatur aliquip deserunt eu enim fugiat consectetur fugiat magna eiusmod nulla aliquip incididunt irure voluptate. Nostrud amet officia eiusmod exercitation nulla esse excepteur consectetur eu adipisicing eu laboris ut sit. Occaecat deserunt ea dolore cupidatat est non est deserunt dolore.\r\n","registered":"2015-02-24T05:48:53 -07:00","tags":["elit","tempor","esse","minim","ea","occaecat","labore"],"friends":[{"id":0,"name":"Flossie Dunlap"},{"id":1,"name":"Patrica Golden"},{"id":2,"name":"Mable Alvarez"}],"greeting":"Hello, Houston Tanner! You have 5 unread messages.","favoriteFruit":"banana","location":{"latitude":-21.684691,"longitude":133.902603},"docFormat":"json"}