{"_id":"55ee5e445db2b19e00773b79","index":1195,"guid":"6cd2e4d3-083a-4874-b31b-85c29f601682","isActive":true,"balance":"$90,900.22","picture":"http://placehold.it/32x32","age":64,"eyeColor":"green","name":"Wiley Johnson","gender":"male","company":"FITCORE","email":"wileyjohnson@fitcore.com","phone":"+1 (998) 501-3381","address":"132 Stockholm Street, Richford, Rhode Island, 3955","about":"Excepteur mollit laborum ad ipsum commodo. Nostrud id cupidatat anim ut dolor sit. Incididunt exercitation consequat nulla nostrud consequat magna. Officia exercitation voluptate anim consectetur sint duis officia sint. Ut anim aliqua deserunt consequat id aliquip aliqua ipsum magna.\r\n","registered":"2015-03-29T12:02:29 -07:00","tags":["Lorem","eu","duis","aliqua","qui","Lorem","velit"],"friends":[{"id":0,"name":"Evangeline Cash"},{"id":1,"name":"Faith Delacruz"},{"id":2,"name":"Stacey Mcintyre"}],"greeting":"Hello, Wiley Johnson! You have 2 unread messages.","favoriteFruit":"orange","location":{"latitude":0.852329,"longitude":-4.317921},"docFormat":"json"}