{"_id":"55ee5e44978588bc081523d1","index":1314,"guid":"f1e69808-a93c-4c46-a1b4-e536c4b3613a","isActive":true,"balance":"$68,458.96","picture":"http://placehold.it/32x32","age":56,"eyeColor":"blue","name":"Knox Knox","gender":"male","company":"COGENTRY","email":"knoxknox@cogentry.com","phone":"+1 (997) 593-3532","address":"649 Kensington Street, Edinburg, Wisconsin, 5051","about":"Lorem consequat est Lorem tempor id ex incididunt culpa. Nisi quis fugiat aliqua laboris. Non exercitation nisi duis qui ullamco in laboris laborum nulla do officia commodo ipsum. Irure proident dolor aute amet fugiat do id qui anim amet irure non voluptate.\r\n","registered":"2014-04-26T03:40:53 -07:00","tags":["fugiat","eu","proident","anim","anim","pariatur","commodo"],"friends":[{"id":0,"name":"Obrien Hays"},{"id":1,"name":"Dale Bartlett"},{"id":2,"name":"Sophia Hardy"}],"greeting":"Hello, Knox Knox! You have 5 unread messages.","favoriteFruit":"strawberry","location":{"latitude":-30.945548,"longitude":-64.761041},"docFormat":"json"}