{"_id":"55ee5e44a69c5deb1ea1b30c","index":1036,"guid":"7902c549-abde-4298-9bd9-979b751c212b","isActive":false,"balance":"$15,444.72","picture":"http://placehold.it/32x32","age":56,"eyeColor":"blue","name":"Ball Horne","gender":"male","company":"ISOLOGICS","email":"ballhorne@isologics.com","phone":"+1 (982) 405-3313","address":"322 Lake Avenue, Clarence, Tennessee, 212","about":"Consectetur ea et in laboris aliquip Lorem laborum id do eiusmod occaecat velit tempor. Exercitation ipsum amet consectetur sit officia quis sit officia adipisicing enim dolor laboris aute. Elit veniam qui nisi officia proident excepteur sunt nulla et labore eiusmod. Pariatur sit quis laborum eiusmod officia et cupidatat est tempor ipsum.\r\n","registered":"2015-04-09T04:42:25 -07:00","tags":["aliqua","qui","est","voluptate","consequat","aliquip","elit"],"friends":[{"id":0,"name":"Brittany Miles"},{"id":1,"name":"Savage Vargas"},{"id":2,"name":"Melissa Gould"}],"greeting":"Hello, Ball Horne! You have 3 unread messages.","favoriteFruit":"banana","location":{"latitude":-14.721004,"longitude":30.771046},"docFormat":"json"}