{"_id":"55ee5e44d9c9521cfc655c3c","index":1187,"guid":"0ecc19d5-0c67-4d6f-ba3a-acae9b2d7919","isActive":true,"balance":"$39,723.57","picture":"http://placehold.it/32x32","age":46,"eyeColor":"green","name":"Sherman Grimes","gender":"male","company":"COMBOGENE","email":"shermangrimes@combogene.com","phone":"+1 (847) 451-2352","address":"446 Girard Street, Eastvale, Hawaii, 4570","about":"Enim elit incididunt consectetur magna magna. Ea sit excepteur nulla fugiat anim reprehenderit elit quis aliqua ipsum ipsum quis. Est irure ipsum laboris non laboris laborum excepteur amet cupidatat consectetur.\r\n","registered":"2014-07-16T09:56:02 -07:00","tags":["eu","velit","consequat","dolore","nostrud","Lorem","laborum"],"friends":[{"id":0,"name":"Terry Newman"},{"id":1,"name":"Bowen Mendoza"},{"id":2,"name":"Juarez Snow"}],"greeting":"Hello, Sherman Grimes! You have 7 unread messages.","favoriteFruit":"strawberry","location":{"latitude":57.293553,"longitude":83.427527},"docFormat":"json"}