{"_id":"55ee5e4420356954edda5ffb","index":1283,"guid":"4d75ed16-bd13-4a9b-a41f-75b59a0e22c1","isActive":false,"balance":"$48,602.21","picture":"http://placehold.it/32x32","age":30,"eyeColor":"blue","name":"Suzette Hardin","gender":"female","company":"SHEPARD","email":"suzettehardin@shepard.com","phone":"+1 (913) 545-2027","address":"689 Albee Square, Elliston, Illinois, 5575","about":"Fugiat labore ipsum quis excepteur mollit occaecat exercitation ut. Quis quis ipsum magna elit veniam veniam ullamco exercitation amet laborum exercitation quis incididunt. Laboris qui excepteur dolor amet eu cillum. Sint qui labore ipsum exercitation. Dolor non in culpa consequat. Ullamco adipisicing aliquip id eu consequat esse laborum.\r\n","registered":"2014-03-11T09:05:54 -07:00","tags":["do","eu","cupidatat","voluptate","eu","sint","ullamco"],"friends":[{"id":0,"name":"Deann Ewing"},{"id":1,"name":"Wall Sharpe"},{"id":2,"name":"Joyner Stafford"}],"greeting":"Hello, Suzette Hardin! You have 7 unread messages.","favoriteFruit":"pear","location":{"latitude":-84.639756,"longitude":101.697986},"docFormat":"json"}