{"_id":"55ee5e44d3f8f80abd9632a9","index":1102,"guid":"b0921d2a-0f9c-44f2-a72f-08e70c5548b2","isActive":false,"balance":"$34,761.70","picture":"http://placehold.it/32x32","age":51,"eyeColor":"brown","name":"Fran Nicholson","gender":"female","company":"EXTREMO","email":"frannicholson@extremo.com","phone":"+1 (979) 421-2484","address":"726 Emmons Avenue, Knowlton, Arizona, 9366","about":"Incididunt amet ipsum occaecat non excepteur irure consequat ut. Labore amet consequat id irure exercitation voluptate nisi sint non. Consectetur ut dolore est nulla non incididunt nulla eu. Ea proident ut incididunt duis exercitation non mollit eiusmod culpa. Ea labore nisi consequat Lorem adipisicing velit ad culpa anim anim esse id ea.\r\n","registered":"2015-07-31T07:09:32 -07:00","tags":["laboris","sit","esse","commodo","cillum","eiusmod","amet"],"friends":[{"id":0,"name":"Sallie Mccarty"},{"id":1,"name":"Perez Byers"},{"id":2,"name":"Charity Greer"}],"greeting":"Hello, Fran Nicholson! You have 2 unread messages.","favoriteFruit":"orange","location":{"latitude":-12.432164,"longitude":110.828466},"docFormat":"json"}