{"_id":"55ee5e4487c9b78b70333cff","index":1124,"guid":"4bda448d-d96f-4ffc-bb07-ba12af3c0c69","isActive":false,"balance":"$11,130.06","picture":"http://placehold.it/32x32","age":55,"eyeColor":"brown","name":"Lina Nixon","gender":"female","company":"VINCH","email":"linanixon@vinch.com","phone":"+1 (906) 476-2187","address":"137 Hope Street, Floriston, Federated States Of Micronesia, 5727","about":"Officia esse sit amet deserunt velit voluptate occaecat magna eu. Et exercitation consectetur quis mollit occaecat qui sunt laboris eu sunt consectetur adipisicing. Sit id minim id incididunt est aliqua culpa irure do pariatur ex voluptate. Nisi eu sunt qui aute nulla duis deserunt voluptate nisi est officia ea occaecat aliquip.\r\n","registered":"2015-08-26T06:11:29 -07:00","tags":["do","eiusmod","occaecat","pariatur","cillum","adipisicing","exercitation"],"friends":[{"id":0,"name":"Frieda Palmer"},{"id":1,"name":"Deanna Clay"},{"id":2,"name":"Hooper Delaney"}],"greeting":"Hello, Lina Nixon! You have 4 unread messages.","favoriteFruit":"strawberry","location":{"latitude":51.175014,"longitude":-97.153288},"docFormat":"json"}