{"_id":"55ee5e44dc63a17716fe89e0","index":1296,"guid":"93eba850-56d8-4b6d-8575-6e7121741e67","isActive":false,"balance":"$24,105.01","picture":"http://placehold.it/32x32","age":66,"eyeColor":"blue","name":"Maritza Mann","gender":"female","company":"PARAGONIA","email":"maritzamann@paragonia.com","phone":"+1 (944) 489-2753","address":"558 Engert Avenue, Sharon, Oklahoma, 7262","about":"Do reprehenderit minim fugiat sint magna ex sit aliqua consectetur ut culpa proident nulla nulla. Proident excepteur elit sunt reprehenderit Lorem sunt ullamco enim mollit voluptate ex excepteur laborum sint. In id commodo ipsum do laborum culpa consequat culpa. Et commodo amet adipisicing aliqua et minim ex qui duis. Esse nulla minim in adipisicing.\r\n","registered":"2014-11-25T07:24:24 -07:00","tags":["ut","ullamco","consectetur","minim","nulla","officia","Lorem"],"friends":[{"id":0,"name":"Fanny Mason"},{"id":1,"name":"Edna Tran"},{"id":2,"name":"Navarro Mack"}],"greeting":"Hello, Maritza Mann! You have 1 unread messages.","favoriteFruit":"strawberry","location":{"latitude":51.16506,"longitude":-177.485306},"docFormat":"json"}