{"_id":"55ee5e44642ffd30b1ddd5b9","index":1323,"guid":"59efd73a-ee5d-4579-9679-430fea84b5de","isActive":false,"balance":"$94,670.51","picture":"http://placehold.it/32x32","age":26,"eyeColor":"brown","name":"Kara Hunter","gender":"female","company":"XYMONK","email":"karahunter@xymonk.com","phone":"+1 (830) 596-2596","address":"717 Varick Street, Harold, Michigan, 2509","about":"Amet nulla adipisicing aliquip commodo. Cupidatat veniam mollit cupidatat culpa ad fugiat. Ut est consequat aliquip sint incididunt sit fugiat adipisicing quis.\r\n","registered":"2014-01-11T03:08:59 -07:00","tags":["eiusmod","adipisicing","dolor","aliquip","veniam","dolore","qui"],"friends":[{"id":0,"name":"Molina Pena"},{"id":1,"name":"Dee Reeves"},{"id":2,"name":"Karla Leonard"}],"greeting":"Hello, Kara Hunter! You have 3 unread messages.","favoriteFruit":"strawberry","location":{"latitude":54.45694,"longitude":82.368093},"docFormat":"json"}