{"_id":"55ee5e44d7f681c6a193461a","index":1078,"guid":"e7a85bca-03a0-4781-b9ad-6cf8981713a8","isActive":false,"balance":"$74,963.97","picture":"http://placehold.it/32x32","age":37,"eyeColor":"brown","name":"Jana Gallegos","gender":"female","company":"NIXELT","email":"janagallegos@nixelt.com","phone":"+1 (841) 536-2561","address":"726 Menahan Street, Volta, Idaho, 9899","about":"Ex consectetur aute irure commodo eiusmod velit velit. Duis labore non ex commodo enim cillum. Et sint qui irure minim. Nisi esse adipisicing nostrud enim aliquip voluptate esse eiusmod ipsum proident. Nisi deserunt enim ullamco cillum laborum laborum ea est velit.\r\n","registered":"2014-11-24T05:59:53 -07:00","tags":["irure","ullamco","aliquip","ad","excepteur","laboris","mollit"],"friends":[{"id":0,"name":"Marcie Stark"},{"id":1,"name":"Herman Dennis"},{"id":2,"name":"Olivia Savage"}],"greeting":"Hello, Jana Gallegos! You have 9 unread messages.","favoriteFruit":"pear","location":{"latitude":81.64725,"longitude":-92.338073},"docFormat":"json"}