{"_id":"55ee5e444828ec3e6aeeafd5","index":129,"guid":"5ef5a39e-a6c1-45f4-9467-4c934cb402c9","isActive":true,"balance":"$93,943.79","picture":"http://placehold.it/32x32","age":22,"eyeColor":"green","name":"Opal Forbes","gender":"female","company":"ISIS","email":"opalforbes@isis.com","phone":"+1 (937) 578-3685","address":"795 Kent Street, Henrietta, Georgia, 6320","about":"Enim ut do sit occaecat pariatur duis in ullamco. Sunt adipisicing tempor minim dolor ullamco et mollit culpa officia consequat anim sunt mollit. Labore pariatur mollit aliqua quis voluptate sunt ad. Commodo officia incididunt officia sit.\r\n","registered":"2014-04-12T01:44:39 -07:00","tags":["velit","amet","non","Lorem","officia","occaecat","ullamco"],"friends":[{"id":0,"name":"Pamela Leon"},{"id":1,"name":"Todd Smith"},{"id":2,"name":"Barton Wagner"}],"greeting":"Hello, Opal Forbes! You have 1 unread messages.","favoriteFruit":"orange","location":{"latitude":21.953311,"longitude":97.996389},"docFormat":"json"}