{"_id":"55ee5e44bfcaa6d216e50ac3","index":1164,"guid":"c615bcba-e9e5-418b-887d-a6251ad788fa","isActive":false,"balance":"$96,978.36","picture":"http://placehold.it/32x32","age":45,"eyeColor":"brown","name":"Flynn Morton","gender":"male","company":"INQUALA","email":"flynnmorton@inquala.com","phone":"+1 (966) 592-2148","address":"394 Carlton Avenue, Haena, Washington, 9050","about":"Anim ut minim ea sit amet. Enim id pariatur quis sint in ipsum consequat mollit. Quis labore mollit velit velit deserunt exercitation pariatur ad aliqua deserunt esse eu. Do do quis esse quis proident sint id tempor aliqua nostrud deserunt in consectetur.\r\n","registered":"2014-05-03T07:57:01 -07:00","tags":["laboris","aliquip","eiusmod","Lorem","est","consectetur","culpa"],"friends":[{"id":0,"name":"Glass Duran"},{"id":1,"name":"Mason Clarke"},{"id":2,"name":"Ward Ferrell"}],"greeting":"Hello, Flynn Morton! You have 3 unread messages.","favoriteFruit":"pear","location":{"latitude":36.142906,"longitude":-69.952005},"docFormat":"json"}