{"_id":"55ee5e445b453684a6c23a9d","index":1018,"guid":"a58e07f6-bc41-4c44-b84f-4e2a652ac0c2","isActive":false,"balance":"$20,121.40","picture":"http://placehold.it/32x32","age":30,"eyeColor":"brown","name":"Coffey Bridges","gender":"male","company":"KOFFEE","email":"coffeybridges@koffee.com","phone":"+1 (997) 463-3916","address":"970 Boulevard Court, Westboro, District Of Columbia, 489","about":"Minim anim sit non ad ex veniam irure ut quis tempor. Est anim eu culpa laborum eiusmod aliquip quis. Aute sunt aliqua eiusmod adipisicing dolore aute. Dolore dolor non pariatur veniam incididunt duis irure amet voluptate eiusmod nisi aliqua. Irure proident culpa incididunt veniam minim tempor quis et velit magna nisi irure veniam nulla.\r\n","registered":"2015-05-30T02:20:08 -07:00","tags":["aliqua","reprehenderit","cillum","officia","id","minim","duis"],"friends":[{"id":0,"name":"Vonda Adkins"},{"id":1,"name":"Audra Herman"},{"id":2,"name":"Raquel Hampton"}],"greeting":"Hello, Coffey Bridges! You have 8 unread messages.","favoriteFruit":"strawberry","location":{"latitude":-57.264148,"longitude":-157.63252},"docFormat":"json"}