{"_id":"55ee5e44af76d30f6a46f91b","index":1221,"guid":"444598c7-642b-401a-ad2a-109ba883821d","isActive":true,"balance":"$99,778.04","picture":"http://placehold.it/32x32","age":57,"eyeColor":"brown","name":"Cherie Ellis","gender":"female","company":"VENDBLEND","email":"cherieellis@vendblend.com","phone":"+1 (913) 571-3675","address":"391 Beach Place, Guthrie, Northern Mariana Islands, 3722","about":"Aliqua aliqua officia velit exercitation enim in ut duis quis incididunt minim eu ex officia. Dolore ea irure consectetur tempor consectetur et incididunt exercitation. Mollit nostrud velit aliquip non anim officia velit quis. Magna eiusmod irure et consectetur ullamco pariatur consequat et nostrud irure amet nostrud.\r\n","registered":"2015-08-15T12:58:40 -07:00","tags":["ut","nulla","esse","esse","laborum","quis","ut"],"friends":[{"id":0,"name":"Sandoval Fleming"},{"id":1,"name":"Strickland Sloan"},{"id":2,"name":"Kelsey Gilmore"}],"greeting":"Hello, Cherie Ellis! You have 10 unread messages.","favoriteFruit":"banana","location":{"latitude":21.502222,"longitude":133.915322},"docFormat":"json"}