{"_id":"55ee5e44b38ee441241a2e07","index":1169,"guid":"3b78d0a5-3b94-4f86-9fd8-8ce08e857e92","isActive":true,"balance":"$28,163.52","picture":"http://placehold.it/32x32","age":21,"eyeColor":"blue","name":"Morrison Rowe","gender":"male","company":"PLASMOSIS","email":"morrisonrowe@plasmosis.com","phone":"+1 (855) 478-3000","address":"692 Grimes Road, Celeryville, Florida, 2201","about":"Incididunt ea esse Lorem sint ea enim laboris consectetur laboris. Reprehenderit consequat quis deserunt commodo sit. Cillum consectetur dolore ullamco laboris magna in tempor aute nostrud. Enim nisi aliquip mollit deserunt tempor incididunt nostrud fugiat nisi pariatur. Ut aliquip velit non magna dolor ipsum mollit excepteur ad consequat incididunt. Lorem est cupidatat minim ut deserunt cupidatat.\r\n","registered":"2014-05-28T08:02:09 -07:00","tags":["aliquip","esse","aliquip","commodo","officia","exercitation","Lorem"],"friends":[{"id":0,"name":"Tracey Keller"},{"id":1,"name":"Hoover Hendricks"},{"id":2,"name":"Preston Jackson"}],"greeting":"Hello, Morrison Rowe! You have 4 unread messages.","favoriteFruit":"apple","location":{"latitude":27.883402,"longitude":-164.384797},"docFormat":"json"}