{"_id":"55ee5e441ccd3511a361a207","index":1359,"guid":"0e6faf04-99bd-4ae3-868e-627b7b26b430","isActive":false,"balance":"$73,967.52","picture":"http://placehold.it/32x32","age":20,"eyeColor":"green","name":"Esmeralda Newton","gender":"female","company":"PERMADYNE","email":"esmeraldanewton@permadyne.com","phone":"+1 (918) 436-2464","address":"698 Fairview Place, Trail, Wyoming, 7684","about":"Veniam reprehenderit eiusmod minim qui do sit sunt duis. Est adipisicing excepteur ea ullamco sint laborum aute aliquip duis veniam quis dolor irure. Aute adipisicing id amet sunt esse ex aliqua eiusmod laboris aliqua. Irure proident aute mollit reprehenderit magna ut.\r\n","registered":"2014-02-16T04:10:06 -07:00","tags":["cupidatat","in","magna","minim","nulla","aliquip","proident"],"friends":[{"id":0,"name":"Jami Howell"},{"id":1,"name":"Carla Conway"},{"id":2,"name":"Anne Schmidt"}],"greeting":"Hello, Esmeralda Newton! You have 4 unread messages.","favoriteFruit":"banana","location":{"latitude":41.375404,"longitude":-47.67657},"docFormat":"json"}