{"_id":"55ee5e44a184d41531b91ed0","index":132,"guid":"5b9e51db-ef4e-4d4b-b99f-eee9b2ddf3a0","isActive":false,"balance":"$36,026.10","picture":"http://placehold.it/32x32","age":65,"eyeColor":"green","name":"Jacobson Kirby","gender":"male","company":"INTRADISK","email":"jacobsonkirby@intradisk.com","phone":"+1 (911) 447-2213","address":"865 Ovington Avenue, Devon, Arkansas, 1288","about":"Veniam voluptate ullamco sint sint est. Eu sunt eu laboris veniam id ut cillum reprehenderit velit veniam ullamco. Magna aute culpa labore exercitation esse non eu in. Ut reprehenderit tempor enim voluptate ex tempor do proident et laboris ad. Sunt dolore consectetur qui esse. Labore aliquip labore ut laborum esse. Nostrud anim labore proident consectetur duis non non reprehenderit duis.\r\n","registered":"2014-03-08T11:04:56 -07:00","tags":["ut","culpa","irure","exercitation","culpa","reprehenderit","nostrud"],"friends":[{"id":0,"name":"Swanson Huff"},{"id":1,"name":"Annmarie Carter"},{"id":2,"name":"Ruth Harrison"}],"greeting":"Hello, Jacobson Kirby! You have 3 unread messages.","favoriteFruit":"orange","location":{"latitude":27.511547,"longitude":32.922266},"docFormat":"json"}