{"_id":"55ee5e44b3fc4b0b6bf04df9","index":1347,"guid":"c8f52466-1ec1-4370-a406-021d7816893e","isActive":false,"balance":"$46,058.63","picture":"http://placehold.it/32x32","age":65,"eyeColor":"blue","name":"Perry Potter","gender":"male","company":"OPTICALL","email":"perrypotter@opticall.com","phone":"+1 (832) 452-2744","address":"212 Glenwood Road, Marienthal, Georgia, 9747","about":"Dolore occaecat eu amet id nulla dolor. Nisi dolore velit culpa non consectetur deserunt adipisicing deserunt incididunt magna tempor. Est minim irure pariatur excepteur et proident sunt consequat voluptate. Dolore ut veniam culpa deserunt pariatur.\r\n","registered":"2015-04-19T04:30:02 -07:00","tags":["sint","ipsum","elit","esse","mollit","deserunt","ipsum"],"friends":[{"id":0,"name":"Russell Brooks"},{"id":1,"name":"Eddie Medina"},{"id":2,"name":"Janis Tanner"}],"greeting":"Hello, Perry Potter! You have 10 unread messages.","favoriteFruit":"orange","location":{"latitude":51.721107,"longitude":151.382691},"docFormat":"json"}