{"_id":"55ee5e44c205fde16e42f7bd","index":1375,"guid":"611562a9-0a58-42a0-acf1-d319c846e441","isActive":true,"balance":"$80,859.97","picture":"http://placehold.it/32x32","age":29,"eyeColor":"blue","name":"Mann Diaz","gender":"male","company":"GRACKER","email":"manndiaz@gracker.com","phone":"+1 (890) 570-3739","address":"630 Truxton Street, Cascades, Minnesota, 2302","about":"Anim Lorem exercitation deserunt id dolore tempor. Amet occaecat cupidatat et ex cillum do consectetur minim consectetur aliqua laborum voluptate tempor. Ea incididunt duis deserunt esse mollit ex exercitation est consequat. Dolor elit cillum veniam qui exercitation sit. Amet quis exercitation occaecat enim magna proident dolor eu labore laboris amet ullamco.\r\n","registered":"2014-05-21T07:36:34 -07:00","tags":["cillum","sunt","fugiat","sint","adipisicing","officia","reprehenderit"],"friends":[{"id":0,"name":"Livingston Gomez"},{"id":1,"name":"Kim Kidd"},{"id":2,"name":"Ann Nolan"}],"greeting":"Hello, Mann Diaz! You have 8 unread messages.","favoriteFruit":"strawberry","location":{"latitude":47.373016,"longitude":175.609912},"docFormat":"json"}