{"_id":"55ee5e446186ad5ae31083be","index":1292,"guid":"6107f0c2-1b3e-477f-b623-b19612d641d9","isActive":true,"balance":"$47,119.22","picture":"http://placehold.it/32x32","age":29,"eyeColor":"green","name":"Lynn Best","gender":"female","company":"XTH","email":"lynnbest@xth.com","phone":"+1 (935) 428-3854","address":"153 Albemarle Road, Iola, Arkansas, 1892","about":"Laborum consequat minim qui reprehenderit duis ea voluptate. Officia esse commodo nulla enim est dolor ex fugiat magna ex aliqua. Id ipsum reprehenderit sint reprehenderit eu proident est Lorem est. Mollit consequat Lorem consectetur veniam enim minim exercitation cupidatat ullamco cupidatat veniam pariatur officia aliquip. Laboris ea in nisi do sunt incididunt tempor et. Eiusmod reprehenderit eu velit irure qui pariatur adipisicing velit deserunt deserunt reprehenderit.\r\n","registered":"2014-09-14T12:32:38 -07:00","tags":["occaecat","sit","ipsum","sunt","dolor","officia","aliquip"],"friends":[{"id":0,"name":"Ray Ratliff"},{"id":1,"name":"Lolita Ray"},{"id":2,"name":"Bonner Walters"}],"greeting":"Hello, Lynn Best! You have 5 unread messages.","favoriteFruit":"strawberry","location":{"latitude":-59.556123,"longitude":-0.063735},"docFormat":"json"}