{"_id":"55ee5e441eabe115e8a66baa","index":1168,"guid":"84e1d59f-c083-43a5-beef-0acd8ab5fee9","isActive":false,"balance":"$72,250.21","picture":"http://placehold.it/32x32","age":30,"eyeColor":"green","name":"Walls Curry","gender":"male","company":"ISOSURE","email":"wallscurry@isosure.com","phone":"+1 (934) 481-2793","address":"371 Joval Court, Woodlands, Kansas, 4066","about":"Nostrud deserunt veniam ut irure esse fugiat anim qui aliqua voluptate officia consectetur est. Sunt duis ex do nostrud nostrud. Exercitation quis est dolore enim. Laboris dolor nisi ad mollit deserunt cupidatat aute tempor ullamco eu id exercitation aliqua culpa. Reprehenderit enim amet deserunt ullamco qui voluptate dolore.\r\n","registered":"2014-11-24T04:56:33 -07:00","tags":["aliquip","eiusmod","ut","aliquip","ipsum","excepteur","culpa"],"friends":[{"id":0,"name":"Cassie Ramirez"},{"id":1,"name":"Witt Peters"},{"id":2,"name":"Shaffer Foster"}],"greeting":"Hello, Walls Curry! You have 6 unread messages.","favoriteFruit":"pear","location":{"latitude":-45.532345,"longitude":-81.363722},"docFormat":"json"}