{"_id":"55ee5e44f1d0a54b820793df","index":1082,"guid":"28aab00c-ede7-4ca2-a0ae-39947ea1b4dd","isActive":true,"balance":"$69,683.62","picture":"http://placehold.it/32x32","age":68,"eyeColor":"blue","name":"Mcclure Velez","gender":"male","company":"GOLOGY","email":"mcclurevelez@gology.com","phone":"+1 (875) 582-2678","address":"799 Havemeyer Street, Clinton, Wisconsin, 5010","about":"Mollit ad sint reprehenderit amet et sint ex veniam labore tempor. Qui deserunt elit eu quis do incididunt sit elit cillum. Deserunt sint amet veniam tempor id. Velit Lorem nulla eiusmod enim. Fugiat ipsum quis irure culpa esse fugiat minim ut aliquip aute anim commodo commodo ullamco.\r\n","registered":"2014-12-16T10:24:57 -07:00","tags":["veniam","reprehenderit","labore","qui","tempor","aute","occaecat"],"friends":[{"id":0,"name":"Atkinson Willis"},{"id":1,"name":"Ursula Vasquez"},{"id":2,"name":"Gabrielle Melendez"}],"greeting":"Hello, Mcclure Velez! You have 1 unread messages.","favoriteFruit":"pear","location":{"latitude":-27.049,"longitude":14.138642},"docFormat":"json"}