{"_id":"55ee5e44483e4e792aa4be59","index":130,"guid":"fa21f0d8-0142-407f-98c8-a16a9bf7ff7f","isActive":true,"balance":"$24,349.79","picture":"http://placehold.it/32x32","age":56,"eyeColor":"blue","name":"Keri Banks","gender":"female","company":"ZENSUS","email":"keribanks@zensus.com","phone":"+1 (950) 579-2133","address":"261 Quentin Road, Ironton, New Mexico, 2889","about":"Ex tempor ut est culpa duis duis id aliqua eiusmod. Laboris labore velit do labore est id deserunt dolore duis dolor laboris. Tempor commodo amet occaecat excepteur eiusmod amet est magna. Sunt ut ut duis veniam amet. Duis est officia duis quis tempor incididunt velit nisi adipisicing labore voluptate quis.\r\n","registered":"2015-02-03T01:08:47 -07:00","tags":["magna","reprehenderit","ullamco","velit","id","velit","minim"],"friends":[{"id":0,"name":"Avis Hatfield"},{"id":1,"name":"Lucille Cross"},{"id":2,"name":"Estela Stokes"}],"greeting":"Hello, Keri Banks! You have 10 unread messages.","favoriteFruit":"pear","location":{"latitude":17.893727,"longitude":-77.918978},"docFormat":"json"}