{"_id":"55ee5e44b062859c951e9d32","index":1021,"guid":"e577d1ae-308d-4d5a-b440-f210df1d4d74","isActive":false,"balance":"$47,966.84","picture":"http://placehold.it/32x32","age":54,"eyeColor":"brown","name":"Mccarty Powell","gender":"male","company":"QUILTIGEN","email":"mccartypowell@quiltigen.com","phone":"+1 (981) 497-2994","address":"628 Vanderbilt Avenue, Malo, Rhode Island, 798","about":"Dolore consectetur velit ea tempor eu ullamco ipsum nostrud. Ut fugiat Lorem qui anim non. Consectetur incididunt irure magna ullamco adipisicing commodo. Labore officia sint culpa culpa ipsum esse qui deserunt deserunt reprehenderit cupidatat qui consectetur mollit.\r\n","registered":"2014-09-21T05:06:15 -07:00","tags":["dolor","magna","amet","cillum","commodo","ea","elit"],"friends":[{"id":0,"name":"Amber Luna"},{"id":1,"name":"Jerry Turner"},{"id":2,"name":"Alicia Kirkland"}],"greeting":"Hello, Mccarty Powell! You have 5 unread messages.","favoriteFruit":"orange","location":{"latitude":64.844716,"longitude":-61.014122},"docFormat":"json"}