{"_id":"55ee5e44bc2f3cbd3dcc0d7c","index":1218,"guid":"9e24fd8f-87f3-4eec-a97e-b25a442c6470","isActive":false,"balance":"$66,125.69","picture":"http://placehold.it/32x32","age":50,"eyeColor":"blue","name":"Natalia Gilliam","gender":"female","company":"QUADEEBO","email":"nataliagilliam@quadeebo.com","phone":"+1 (893) 453-3088","address":"442 Pooles Lane, Campo, Arizona, 2006","about":"Magna magna mollit exercitation velit adipisicing duis quis consectetur adipisicing deserunt id sunt. Voluptate aute Lorem laboris eiusmod nulla ipsum. Anim aute deserunt elit reprehenderit eiusmod ut labore non. Dolor consectetur ipsum incididunt ullamco. Anim consectetur deserunt ad do proident deserunt veniam labore non. Enim in nisi est esse ex id reprehenderit tempor occaecat ipsum nostrud quis veniam est. Eiusmod incididunt irure id aute excepteur cupidatat minim adipisicing ea commodo velit.\r\n","registered":"2015-03-02T09:35:29 -07:00","tags":["laboris","aliquip","pariatur","commodo","nisi","in","proident"],"friends":[{"id":0,"name":"Autumn White"},{"id":1,"name":"Schwartz Mejia"},{"id":2,"name":"Sharpe Gray"}],"greeting":"Hello, Natalia Gilliam! You have 4 unread messages.","favoriteFruit":"apple","location":{"latitude":-55.053699,"longitude":-3.382085},"docFormat":"json"}