{"_id":"55ee5e44b9a900f72f2c6761","index":1060,"guid":"c7af5bb8-f806-452e-822c-0f08809a5296","isActive":false,"balance":"$95,097.73","picture":"http://placehold.it/32x32","age":20,"eyeColor":"green","name":"Rhea Maldonado","gender":"female","company":"TALAE","email":"rheamaldonado@talae.com","phone":"+1 (909) 582-2664","address":"572 Glen Street, Trexlertown, Arkansas, 1372","about":"Dolor eu minim duis cupidatat velit nostrud eiusmod. Est exercitation adipisicing ea ea dolore magna ullamco veniam voluptate laborum incididunt. Amet esse tempor aute non deserunt culpa culpa nulla ullamco officia enim ipsum culpa. Fugiat qui proident exercitation ea minim aliqua excepteur ea qui. Ea laborum esse et aliquip mollit laboris pariatur. Culpa minim anim non veniam incididunt anim commodo ut sint. Officia nulla do minim consectetur magna cupidatat nisi nulla aliqua.\r\n","registered":"2015-03-13T10:32:53 -07:00","tags":["cupidatat","adipisicing","commodo","irure","nostrud","do","non"],"friends":[{"id":0,"name":"William Vincent"},{"id":1,"name":"Danielle Dillard"},{"id":2,"name":"Madden Lewis"}],"greeting":"Hello, Rhea Maldonado! You have 3 unread messages.","favoriteFruit":"orange","location":{"latitude":-4.593262,"longitude":153.388046},"docFormat":"json"}