{"_id":"55ee5e44f9df359861532dac","index":1248,"guid":"7cae5092-9299-44f7-8219-e4a3c7aa5b08","isActive":false,"balance":"$99,470.60","picture":"http://placehold.it/32x32","age":49,"eyeColor":"brown","name":"Massey Bentley","gender":"male","company":"ENAUT","email":"masseybentley@enaut.com","phone":"+1 (925) 451-2225","address":"507 Morgan Avenue, Camino, Iowa, 3573","about":"Cillum minim qui exercitation qui ea elit mollit incididunt ullamco id. Aliquip proident officia ad occaecat ad. Est proident culpa mollit aute ipsum in ullamco laborum sunt officia velit eu. Aliqua nostrud enim ex pariatur consectetur occaecat.\r\n","registered":"2015-01-28T01:47:26 -07:00","tags":["sit","veniam","elit","nostrud","veniam","aliqua","dolore"],"friends":[{"id":0,"name":"Carissa Barlow"},{"id":1,"name":"Wilkinson Decker"},{"id":2,"name":"Lauren Schultz"}],"greeting":"Hello, Massey Bentley! You have 1 unread messages.","favoriteFruit":"orange","location":{"latitude":18.517162,"longitude":83.600211},"docFormat":"json"}