{"_id":"55ee5e4476d32ea2e486feb3","index":116,"guid":"beb9c0bd-f349-4d2c-88dd-a498d66ed8be","isActive":true,"balance":"$3,730.60","picture":"http://placehold.it/32x32","age":34,"eyeColor":"blue","name":"Lina Price","gender":"female","company":"KYAGURU","email":"linaprice@kyaguru.com","phone":"+1 (886) 438-2654","address":"428 Clinton Street, Hessville, Arizona, 9602","about":"Cupidatat elit non pariatur qui consequat eu Lorem nostrud culpa non id incididunt duis. Amet nostrud qui ex sint non est mollit esse est nisi veniam occaecat anim. Eu officia cillum exercitation velit officia id. Consequat consequat voluptate quis irure ullamco nostrud non cillum do culpa sint tempor eiusmod ex. Est ipsum dolor aliquip ipsum exercitation est pariatur anim adipisicing ex aliqua dolore. Cillum amet eu ullamco id proident ex tempor ad duis magna velit Lorem.\r\n","registered":"2015-08-02T02:27:09 -07:00","tags":["laboris","reprehenderit","adipisicing","consectetur","dolor","voluptate","nulla"],"friends":[{"id":0,"name":"Cervantes Mcmahon"},{"id":1,"name":"Mcknight Case"},{"id":2,"name":"Sutton Obrien"}],"greeting":"Hello, Lina Price! You have 8 unread messages.","favoriteFruit":"banana","location":{"latitude":-2.774172,"longitude":-138.177338},"docFormat":"json"}