{"_id":"55ee5e44a59ee49829d7e741","index":1408,"guid":"e23836df-0c27-40b1-8ae4-53eb4bfd5533","isActive":true,"balance":"$56,850.75","picture":"http://placehold.it/32x32","age":59,"eyeColor":"blue","name":"Michael Lloyd","gender":"female","company":"PUSHCART","email":"michaellloyd@pushcart.com","phone":"+1 (934) 543-2943","address":"351 Polhemus Place, Dowling, Arkansas, 3091","about":"Voluptate officia irure officia elit. Irure minim aute irure consequat sit qui qui id reprehenderit ipsum adipisicing fugiat et ea. Labore nulla sunt id ullamco non eu nostrud. Nostrud et culpa nulla cillum incididunt duis anim aliqua amet. Cupidatat anim dolor officia est ut laboris eu quis non occaecat adipisicing consequat eu. Sint aliqua cupidatat excepteur aliquip enim excepteur.\r\n","registered":"2015-06-27T12:54:50 -07:00","tags":["sit","est","ipsum","exercitation","do","ex","nisi"],"friends":[{"id":0,"name":"Gardner Gordon"},{"id":1,"name":"Robyn Mckee"},{"id":2,"name":"Wendy Ballard"}],"greeting":"Hello, Michael Lloyd! You have 3 unread messages.","favoriteFruit":"pear","location":{"latitude":12.968148,"longitude":-156.603918},"docFormat":"json"}