{"_id":"55ee5e44664d3a21b5c94735","index":1226,"guid":"2f769b73-d3a2-474b-bbc3-563031c0d397","isActive":false,"balance":"$29,565.42","picture":"http://placehold.it/32x32","age":33,"eyeColor":"blue","name":"Burris Sanchez","gender":"male","company":"EXOTERIC","email":"burrissanchez@exoteric.com","phone":"+1 (868) 438-2595","address":"113 Perry Terrace, Franklin, Kansas, 3268","about":"Elit sint occaecat elit ullamco in incididunt laborum sunt reprehenderit laborum ipsum ad. Anim nisi esse reprehenderit laborum officia cillum. Laboris eu exercitation est aute officia nisi consequat in ad dolor culpa. Enim sit voluptate incididunt laborum esse qui reprehenderit reprehenderit adipisicing ea anim elit nulla non. Sint minim ea incididunt aute culpa incididunt. Magna ut culpa ex esse duis dolore nisi commodo Lorem. Culpa sit nostrud nisi ipsum esse aliquip aute esse eiusmod eiusmod.\r\n","registered":"2015-02-08T09:05:48 -07:00","tags":["proident","irure","dolore","mollit","mollit","adipisicing","enim"],"friends":[{"id":0,"name":"Tanisha Downs"},{"id":1,"name":"Eva Horn"},{"id":2,"name":"Olsen Marsh"}],"greeting":"Hello, Burris Sanchez! You have 10 unread messages.","favoriteFruit":"apple","location":{"latitude":40.646716,"longitude":43.823764},"docFormat":"json"}