{"_id":"55ee5e447845c4ce09106c2c","index":1234,"guid":"3ecd827a-97e0-4bbc-97e0-0f8278fb74b6","isActive":true,"balance":"$11,681.41","picture":"http://placehold.it/32x32","age":32,"eyeColor":"blue","name":"Edwina Johns","gender":"female","company":"ASSISTIA","email":"edwinajohns@assistia.com","phone":"+1 (966) 516-3995","address":"336 Folsom Place, Axis, Arkansas, 4752","about":"Magna aliquip pariatur amet Lorem excepteur eu cupidatat anim eu duis pariatur veniam ipsum nostrud. Fugiat in consectetur eiusmod dolor ullamco elit. Ut veniam enim incididunt sunt do cillum ad et consequat magna dolor ea incididunt. Veniam laborum ut proident voluptate aute proident.\r\n","registered":"2015-01-07T08:34:39 -07:00","tags":["laborum","aute","deserunt","ipsum","commodo","ullamco","qui"],"friends":[{"id":0,"name":"Keith Lynn"},{"id":1,"name":"Gilbert Villarreal"},{"id":2,"name":"John Mcguire"}],"greeting":"Hello, Edwina Johns! You have 6 unread messages.","favoriteFruit":"apple","location":{"latitude":-66.497733,"longitude":-159.043537},"docFormat":"json"}