{"_id":"55ee5e447b2a1d0928465258","index":1067,"guid":"04b538c8-24a8-4e86-8131-8b2d2b5937cf","isActive":false,"balance":"$69,167.66","picture":"http://placehold.it/32x32","age":52,"eyeColor":"blue","name":"Madeline Suarez","gender":"female","company":"DOGNOSIS","email":"madelinesuarez@dognosis.com","phone":"+1 (942) 532-2358","address":"700 Ridgewood Avenue, Holcombe, Louisiana, 2276","about":"Consectetur laborum elit qui ut ut eiusmod Lorem adipisicing do. Aliquip ut ullamco aute consectetur. Mollit est excepteur id exercitation veniam. Ut sit excepteur tempor dolore minim amet enim amet sint voluptate velit ex eu pariatur. Lorem incididunt est occaecat id excepteur. Labore aliquip esse sit laborum aute fugiat exercitation esse proident consectetur nulla laboris irure minim. Ea magna ut ut elit.\r\n","registered":"2014-05-23T01:49:43 -07:00","tags":["esse","labore","excepteur","veniam","labore","quis","fugiat"],"friends":[{"id":0,"name":"Nina Bryant"},{"id":1,"name":"Blevins Clements"},{"id":2,"name":"Josie Rodriguez"}],"greeting":"Hello, Madeline Suarez! You have 7 unread messages.","favoriteFruit":"banana","location":{"latitude":-81.632534,"longitude":-155.969658},"docFormat":"json"}