{"_id":"55ee5e44571160bb6b76d2fa","index":1135,"guid":"f9587af8-3e6a-40be-9787-f77a83fe9b0c","isActive":true,"balance":"$57,794.71","picture":"http://placehold.it/32x32","age":41,"eyeColor":"green","name":"Fields Sellers","gender":"male","company":"TSUNAMIA","email":"fieldssellers@tsunamia.com","phone":"+1 (958) 591-2898","address":"708 Pershing Loop, Catherine, Connecticut, 5644","about":"Ullamco incididunt ut commodo deserunt duis excepteur qui Lorem. Cillum elit ad tempor do sint velit voluptate quis sunt. Labore aute quis voluptate pariatur dolore nostrud. Reprehenderit anim id veniam aute voluptate enim mollit labore elit consectetur magna aliqua. Labore esse Lorem sunt aute aliquip dolor. Lorem ipsum veniam elit consectetur commodo nisi exercitation reprehenderit nulla.\r\n","registered":"2015-04-24T06:27:50 -07:00","tags":["in","tempor","eiusmod","incididunt","qui","in","duis"],"friends":[{"id":0,"name":"Saundra Griffith"},{"id":1,"name":"Lenore Buchanan"},{"id":2,"name":"Sharp Camacho"}],"greeting":"Hello, Fields Sellers! You have 1 unread messages.","favoriteFruit":"strawberry","location":{"latitude":-84.472192,"longitude":88.96498},"docFormat":"json"}