{"_id":"55ee5e4403f66da5a39c991e","index":1025,"guid":"19139d37-5f23-4fe2-b02d-e814278a2d47","isActive":true,"balance":"$64,475.23","picture":"http://placehold.it/32x32","age":34,"eyeColor":"brown","name":"Benton Webster","gender":"male","company":"MUSAPHICS","email":"bentonwebster@musaphics.com","phone":"+1 (920) 585-2919","address":"367 George Street, Norris, Puerto Rico, 8369","about":"Elit amet sit incididunt non voluptate aliqua in cillum nisi non magna pariatur. Est consequat ut aute magna deserunt. Aliqua laboris elit do consectetur ex anim deserunt officia Lorem sit incididunt culpa tempor. Lorem cupidatat pariatur labore non ut consequat amet in sit. Laboris ea consequat cillum minim consequat voluptate laboris nulla proident eiusmod in. Irure do deserunt elit commodo Lorem tempor cillum pariatur cillum laboris.\r\n","registered":"2014-06-04T12:32:03 -07:00","tags":["elit","nostrud","amet","enim","sit","in","culpa"],"friends":[{"id":0,"name":"Stanley Lang"},{"id":1,"name":"West Vazquez"},{"id":2,"name":"Richards Fisher"}],"greeting":"Hello, Benton Webster! You have 6 unread messages.","favoriteFruit":"orange","location":{"latitude":-78.23416,"longitude":-39.40334},"docFormat":"json"}