{"_id":"55ee5e4441c8d62ebfe764be","index":1300,"guid":"74efff8a-8d90-40bd-849c-5302373bef07","isActive":true,"balance":"$92,457.26","picture":"http://placehold.it/32x32","age":35,"eyeColor":"green","name":"Lorena Shepherd","gender":"female","company":"EWAVES","email":"lorenashepherd@ewaves.com","phone":"+1 (862) 515-3874","address":"146 Lawrence Avenue, Lemoyne, Virginia, 3310","about":"Tempor ad nulla enim mollit quis nulla nulla id. Cillum et laborum sint eu Lorem dolor nulla est. Amet do consectetur magna anim amet.\r\n","registered":"2014-09-19T02:06:34 -07:00","tags":["irure","tempor","aliquip","aliqua","proident","minim","ipsum"],"friends":[{"id":0,"name":"Harding Kirk"},{"id":1,"name":"Clarice Holloway"},{"id":2,"name":"Velma Woods"}],"greeting":"Hello, Lorena Shepherd! You have 2 unread messages.","favoriteFruit":"pear","location":{"latitude":3.394888,"longitude":-122.383518},"docFormat":"json"}