{"_id":"55ee5e44a4f397c23e00798c","index":1433,"guid":"a37b3a1e-071a-4f22-b4d3-e52c19dd81d0","isActive":true,"balance":"$77,230.27","picture":"http://placehold.it/32x32","age":24,"eyeColor":"blue","name":"Vilma Stanley","gender":"female","company":"PLAYCE","email":"vilmastanley@playce.com","phone":"+1 (920) 488-2986","address":"182 Maple Street, Norfolk, Minnesota, 2669","about":"Aute est consectetur pariatur eiusmod quis culpa ex fugiat veniam officia ipsum id exercitation minim. Aliqua consequat minim deserunt in duis est pariatur ad eu. Aliquip incididunt elit magna ea enim eu quis proident laborum esse duis nisi dolore.\r\n","registered":"2015-06-28T12:15:43 -07:00","tags":["sint","anim","ipsum","eiusmod","culpa","voluptate","voluptate"],"friends":[{"id":0,"name":"Rose Chang"},{"id":1,"name":"Holloway Allen"},{"id":2,"name":"Sherri Callahan"}],"greeting":"Hello, Vilma Stanley! You have 1 unread messages.","favoriteFruit":"pear","location":{"latitude":-65.461893,"longitude":-133.559744},"docFormat":"json"}