{"_id":"55ee5e44e21ec216fd86bd69","index":101,"guid":"94f38d18-1630-43b3-8b1e-ad4440077fb2","isActive":false,"balance":"$78,630.77","picture":"http://placehold.it/32x32","age":37,"eyeColor":"blue","name":"Bobbi Murphy","gender":"female","company":"AEORA","email":"bobbimurphy@aeora.com","phone":"+1 (897) 456-3181","address":"720 Newton Street, Onton, New Jersey, 8294","about":"Deserunt pariatur fugiat eiusmod veniam exercitation proident. Consequat anim do amet et qui eu fugiat fugiat ut commodo deserunt excepteur anim est. Ipsum aliqua velit deserunt excepteur. Magna occaecat id eu amet laboris dolor esse.\r\n","registered":"2014-11-06T04:51:27 -07:00","tags":["velit","aliquip","ut","magna","minim","ipsum","ad"],"friends":[{"id":0,"name":"Crawford Zamora"},{"id":1,"name":"Cooley Kerr"},{"id":2,"name":"Verna Holcomb"}],"greeting":"Hello, Bobbi Murphy! You have 4 unread messages.","favoriteFruit":"strawberry","location":{"latitude":17.685662,"longitude":39.653439},"docFormat":"json"}