{"_id":"55ee5e44b5af83f3c8bab198","index":1333,"guid":"d8810721-0948-4c45-8c4e-67f3e072882f","isActive":true,"balance":"$37,414.53","picture":"http://placehold.it/32x32","age":62,"eyeColor":"brown","name":"Knight Branch","gender":"male","company":"AUSTEX","email":"knightbranch@austex.com","phone":"+1 (898) 555-2111","address":"580 Ashford Street, Kirk, Pennsylvania, 10000","about":"Amet nostrud veniam pariatur eiusmod aute ut et veniam nulla voluptate. Quis aliqua nostrud minim duis laborum fugiat tempor culpa aliqua aliquip irure nisi. Sunt nulla adipisicing elit sint dolor et labore esse amet nulla ipsum aliquip deserunt. Cupidatat aute nostrud eiusmod consectetur quis. Occaecat magna veniam laboris nulla sint.\r\n","registered":"2014-12-17T03:21:26 -07:00","tags":["culpa","mollit","nulla","est","occaecat","sint","officia"],"friends":[{"id":0,"name":"Virginia Reid"},{"id":1,"name":"Erickson Russell"},{"id":2,"name":"Vicki Marshall"}],"greeting":"Hello, Knight Branch! You have 10 unread messages.","favoriteFruit":"orange","location":{"latitude":-46.648338,"longitude":-67.663512},"docFormat":"json"}