{"_id":"55ee5e4465ce0a2c8de8b2dd","index":128,"guid":"d916545f-6e4d-4e27-b167-aaa3559f9d4d","isActive":true,"balance":"$5,417.13","picture":"http://placehold.it/32x32","age":56,"eyeColor":"green","name":"Rena Waters","gender":"female","company":"BUNGA","email":"renawaters@bunga.com","phone":"+1 (822) 507-3955","address":"435 Emerson Place, Crucible, Oregon, 3844","about":"Incididunt ad ad aliquip ullamco occaecat et ipsum laborum dolor fugiat ad. Aliquip in officia consectetur ipsum aute occaecat occaecat amet cupidatat proident occaecat ad deserunt. Magna in qui Lorem qui eu.\r\n","registered":"2014-08-31T12:59:19 -07:00","tags":["voluptate","consequat","est","eu","officia","officia","cupidatat"],"friends":[{"id":0,"name":"Wilson Burton"},{"id":1,"name":"Erma Solis"},{"id":2,"name":"Donaldson Whitney"}],"greeting":"Hello, Rena Waters! You have 3 unread messages.","favoriteFruit":"pear","location":{"latitude":31.499905,"longitude":-130.282112},"docFormat":"json"}