{"_id":"55ee5e441511193ecef7e2a1","index":1243,"guid":"8262ec02-edad-489e-a12b-87e52750f6d1","isActive":true,"balance":"$83,985.71","picture":"http://placehold.it/32x32","age":38,"eyeColor":"blue","name":"Angelica Pierce","gender":"female","company":"CONFRENZY","email":"angelicapierce@confrenzy.com","phone":"+1 (987) 448-2233","address":"123 Lancaster Avenue, Bonanza, Wyoming, 7365","about":"Quis est laboris aute Lorem velit sit anim sint. Quis ad sit proident sint adipisicing eiusmod duis. Consequat Lorem sit nulla tempor dolor sit dolor enim reprehenderit esse cillum non enim dolor. Laboris proident ea magna ea amet esse pariatur nostrud eu adipisicing sunt dolor ex. Ipsum irure anim id proident ut labore ad enim. Ad fugiat aliquip ipsum incididunt velit in irure. Do commodo laboris Lorem anim irure do ea consectetur id irure reprehenderit.\r\n","registered":"2015-02-24T06:48:26 -07:00","tags":["aliqua","id","consequat","consequat","excepteur","aliquip","duis"],"friends":[{"id":0,"name":"Lessie Walker"},{"id":1,"name":"Beryl Levy"},{"id":2,"name":"Petty Clayton"}],"greeting":"Hello, Angelica Pierce! You have 2 unread messages.","favoriteFruit":"pear","location":{"latitude":-79.162253,"longitude":7.169466},"docFormat":"json"}