{"_id":"55ee5e44660b9457d541c241","index":1342,"guid":"84c0d059-fe66-450e-b045-afe1f0e31bbe","isActive":true,"balance":"$92,037.08","picture":"http://placehold.it/32x32","age":59,"eyeColor":"blue","name":"Marquez Pate","gender":"male","company":"INSECTUS","email":"marquezpate@insectus.com","phone":"+1 (867) 401-3127","address":"421 Heath Place, Caspar, Kansas, 2777","about":"Sint irure sit sit magna elit commodo veniam reprehenderit deserunt sunt labore reprehenderit. Ad enim culpa laboris voluptate ullamco sunt velit. Non officia eu cupidatat in nostrud sint. Qui pariatur duis anim tempor sint adipisicing amet. Irure ex labore voluptate dolore nulla deserunt est et do esse nisi ut labore amet. Non irure laboris qui sunt eu magna esse excepteur nulla id est exercitation eu non. Veniam anim aliquip esse nostrud cupidatat excepteur mollit aliqua tempor.\r\n","registered":"2014-09-23T10:51:05 -07:00","tags":["enim","amet","dolor","proident","nulla","proident","aliquip"],"friends":[{"id":0,"name":"Coleen Day"},{"id":1,"name":"Loraine Parks"},{"id":2,"name":"Weiss Booker"}],"greeting":"Hello, Marquez Pate! You have 10 unread messages.","favoriteFruit":"strawberry","location":{"latitude":-43.1149,"longitude":-54.559028},"docFormat":"json"}