{"_id":"55ee5e447fbe6e3475529159","index":1030,"guid":"98c718b8-73cd-4968-810a-3cbf41fa5f97","isActive":true,"balance":"$18,577.54","picture":"http://placehold.it/32x32","age":30,"eyeColor":"brown","name":"Silvia Mendez","gender":"female","company":"INTERFIND","email":"silviamendez@interfind.com","phone":"+1 (882) 527-3771","address":"553 Sands Street, Hasty, Mississippi, 3261","about":"Sint consectetur ex nostrud culpa cillum elit qui sunt labore deserunt do. Velit velit est magna dolor. Id Lorem eiusmod aliqua et consequat ad velit Lorem nulla pariatur consequat eu. Sunt qui aliquip duis duis fugiat ad pariatur deserunt voluptate occaecat labore. Ex est magna nulla laborum adipisicing.\r\n","registered":"2014-10-23T03:26:50 -07:00","tags":["sit","est","exercitation","ipsum","tempor","ullamco","id"],"friends":[{"id":0,"name":"Antoinette Dejesus"},{"id":1,"name":"Nash Cantrell"},{"id":2,"name":"Alissa Massey"}],"greeting":"Hello, Silvia Mendez! You have 1 unread messages.","favoriteFruit":"banana","location":{"latitude":-76.096936,"longitude":-2.214392},"docFormat":"json"}